PointName,TMP,Sheet,Cell_DN,Cell_DE,Cell_DELV
RMP-A,0,RMP,C12,D12,E12
RMP-B,0,RMP,C13,D13,E13
RMP-C,0,RMP,C14,D14,E14
TMP-100,100,Sheet1,C15,D15,E15
TMP-101,101,Sheet1,G15,H15,I15
TMP-102,102,Sheet1,C16,D16,E16
TMP-103,103,Sheet1,G16,H16,I16
TMP-104,104,Sheet1,C17,D17,E17
TMP-105,105,Sheet1,G17,H17,I17
TMP-106,106,Sheet1,C18,D18,E18
TMP-107,107,Sheet1,G18,H18,I18
TMP-108,108,Sheet1,C19,D19,E19
TMP-109,109,Sheet1,G19,H19,I19
TMP-110,110,Sheet1,C20,D20,E20
TMP-111,111,Sheet1,G20,H20,I20
TMP-112,112,Sheet1,C21,D21,E21
TMP-113,113,Sheet1,G21,H21,I21
TMP-114,114,Sheet1,C22,D22,E22
TMP-115,115,Sheet1,G22,H22,I22
TMP-116,116,Sheet1,C23,D23,E23
TMP-117,117,Sheet1,G23,H23,I23
TMP-118,118,Sheet1,C24,D24,E24
TMP-119,119,Sheet1,G24,H24,I24
TMP-120,120,Sheet1,C25,D25,E25
TMP-121,121,Sheet1,G25,H25,I25
TMP-122,122,Sheet1,C26,D26,E26
TMP-123,123,Sheet1,G26,H26,I26
TMP-124,124,Sheet1,C27,D27,E27
TMP-125,125,Sheet1,G27,H27,I27
TMP-126,126,Sheet1,C28,D28,E28
TMP-127,127,Sheet1,G28,H28,I28
TMP-128,128,Sheet1,C29,D29,E29
TMP-129,129,Sheet1,G29,H29,I29
TMP-130,130,Sheet1,C30,D30,E30
TMP-131,131,Sheet1,G30,H30,I30
TMP-132,132,Sheet1,C31,D31,E31
TMP-133,133,Sheet1,G31,H31,I31
TMP-134,134,Sheet1,C32,D32,E32
TMP-135,135,Sheet1,G32,H32,I32
TMP-136,136,Sheet1,C33,D33,E33
TMP-137,137,Sheet1,G33,H33,I33
TMP-200,200,Sheet1,C58,D58,E58
TMP-201,201,Sheet1,G58,H58,I58
TMP-202,202,Sheet1,C59,D59,E59
TMP-203,203,Sheet1,G59,H59,I59
TMP-204,204,Sheet1,C60,D60,E60
TMP-205,205,Sheet1,G60,H60,I60
TMP-206,206,Sheet1,C61,D61,E61
TMP-207,207,Sheet1,G61,H61,I61
TMP-208,208,Sheet1,C62,D62,E62
TMP-209,209,Sheet1,G62,H62,I62
TMP-210,210,Sheet1,C63,D63,E63
TMP-211,211,Sheet1,G63,H63,I63
TMP-212,212,Sheet1,C64,D64,E64
TMP-213,213,Sheet1,G64,H64,I64
TMP-214,214,Sheet1,C65,D65,E65
TMP-215,215,Sheet1,G65,H65,I65
TMP-216,216,Sheet1,C66,D66,E66
TMP-217,217,Sheet1,G66,H66,I66
TMP-218,218,Sheet1,C67,D67,E67
TMP-219,219,Sheet1,G67,H67,I67
TMP-220,220,Sheet1,C68,D68,E68
TMP-221,221,Sheet1,G68,H68,I68
TMP-222,222,Sheet1,C69,D69,E69
TMP-223,223,Sheet1,G69,H69,I69
TMP-224,224,Sheet1,C70,D70,E70
TMP-225,225,Sheet1,G70,H70,I70
TMP-226,226,Sheet1,C71,D71,E71
TMP-227,227,Sheet1,G71,H71,I71
TMP-228,228,Sheet1,C72,D72,E72
TMP-229,229,Sheet1,G72,H72,I72
TMP-230,230,Sheet1,C73,D73,E73
TMP-231,231,Sheet1,G73,H73,I73
TMP-232,232,Sheet1,C74,D74,E74
TMP-233,233,Sheet1,G74,H74,I74
TMP-234,234,Sheet1,C75,D75,E75
TMP-235,235,Sheet1,G75,H75,I75
TMP-236,236,Sheet1,C76,D76,E76
TMP-237,237,Sheet1,G76,H76,I76
TMP-300,300,Sheet1,C101,D101,E101
TMP-301,301,Sheet1,G101,H101,I101
TMP-302,302,Sheet1,C102,D102,E102
TMP-303,303,Sheet1,G102,H102,I102
TMP-304,304,Sheet1,C103,D103,E103
TMP-305,305,Sheet1,G103,H103,I103
TMP-306,306,Sheet1,C104,D104,E104
TMP-307,307,Sheet1,G104,H104,I104
TMP-308,308,Sheet1,C105,D105,E105
TMP-309,309,Sheet1,G105,H105,I105
TMP-310,310,Sheet1,C106,D106,E106
TMP-311,311,Sheet1,G106,H106,I106
TMP-312,312,Sheet1,C107,D107,E107
TMP-313,313,Sheet1,G107,H107,I107
TMP-314,314,Sheet1,C108,D108,E108
TMP-315,315,Sheet1,G108,H108,I108
TMP-316,316,Sheet1,C109,D109,E109
TMP-317,317,Sheet1,G109,H109,I109
TMP-318,318,Sheet1,C110,D110,E110
TMP-319,319,Sheet1,G110,H110,I110
TMP-320,320,Sheet1,C111,D111,E111
TMP-321,321,Sheet1,G111,H111,I111
TMP-322,322,Sheet1,C112,D112,E112
TMP-323,323,Sheet1,G112,H112,I112
TMP-324,324,Sheet1,C113,D113,E113
TMP-325,325,Sheet1,G113,H113,I113
TMP-326,326,Sheet1,C114,D114,E114
TMP-327,327,Sheet1,G114,H114,I114
TMP-328,328,Sheet1,C115,D115,E115
TMP-329,329,Sheet1,G115,H115,I115
TMP-330,330,Sheet1,C116,D116,E116
TMP-331,331,Sheet1,G116,H116,I116
TMP-332,332,Sheet1,C117,D117,E117
TMP-333,333,Sheet1,G117,H117,I117
TMP-334,334,Sheet1,C118,D118,E118
TMP-335,335,Sheet1,G118,H118,I118
TMP-336,336,Sheet1,C119,D119,E119
TMP-337,337,Sheet1,G119,H119,I119
TMP-400A,400,Sheet1,C144,D144,E144
TMP-401A,401,Sheet1,G144,H144,I144
TMP-402A,402,Sheet1,C145,D145,E145
TMP-403A,403,Sheet1,G145,H145,I145
TMP-404A,404,Sheet1,C146,D146,E146
TMP-405A,405,Sheet1,G146,H146,I146
TMP-406A,406,Sheet1,C147,D147,E147
TMP-407A,407,Sheet1,G147,H147,I147
TMP-408A,408,Sheet1,C148,D148,E148
TMP-409A,409,Sheet1,G148,H148,I148
TMP-410A,410,Sheet1,C149,D149,E149
TMP-411A,411,Sheet1,G149,H149,I149
TMP-412A,412,Sheet1,C150,D150,E150
TMP-413A,413,Sheet1,G150,H150,I150
TMP-414A,414,Sheet1,C151,D151,E151
TMP-415A,415,Sheet1,G151,H151,I151
TMP-416A,416,Sheet1,C152,D152,E152
TMP-417A,417,Sheet1,G152,H152,I152
TMP-418A,418,Sheet1,C153,D153,E153
TMP-419A,419,Sheet1,G153,H153,I153
TMP-420A,420,Sheet1,C154,D154,E154
TMP-421A,421,Sheet1,G154,H154,I154
TMP-422A,422,Sheet1,C155,D155,E155
TMP-423A,423,Sheet1,G155,H155,I155
TMP-424A,424,Sheet1,C156,D156,E156
TMP-425A,425,Sheet1,G156,H156,I156
TMP-426A,426,Sheet1,C157,D157,E157
TMP-427A,427,Sheet1,G157,H157,I157
TMP-428A,428,Sheet1,C158,D158,E158
TMP-429A,429,Sheet1,G158,H158,I158
TMP-430A,430,Sheet1,C159,D159,E159
TMP-431A,431,Sheet1,G159,H159,I159
TMP-432A,432,Sheet1,C160,D160,E160
TMP-433A,433,Sheet1,G160,H160,I160
TMP-434A,434,Sheet1,C161,D161,E161
TMP-435A,435,Sheet1,G161,H161,I161
TMP-436A,436,Sheet1,C162,D162,E162
TMP-437,437,Sheet1,G162,H162,I162
